-- phpMyAdmin SQL Dump
-- version 4.9.7
-- https://www.phpmyadmin.net/
--
-- Host: localhost:3306
-- Generation Time: Dec 18, 2022 at 02:05 AM
-- Server version: 5.7.23-23
-- PHP Version: 7.4.33

SET SQL_MODE = "NO_AUTO_VALUE_ON_ZERO";
SET AUTOCOMMIT = 0;
START TRANSACTION;
SET time_zone = "+00:00";


/*!40101 SET @OLD_CHARACTER_SET_CLIENT=@@CHARACTER_SET_CLIENT */;
/*!40101 SET @OLD_CHARACTER_SET_RESULTS=@@CHARACTER_SET_RESULTS */;
/*!40101 SET @OLD_COLLATION_CONNECTION=@@COLLATION_CONNECTION */;
/*!40101 SET NAMES utf8mb4 */;

--
-- Database: `a1627jg2_prizex`
--

-- --------------------------------------------------------

--
-- Table structure for table `tbl_admin`
--

CREATE TABLE `tbl_admin` (
  `id` int(11) NOT NULL,
  `username` varchar(100) NOT NULL,
  `password` varchar(100) NOT NULL,
  `email` varchar(200) NOT NULL,
  `image` varchar(255) NOT NULL
) ENGINE=InnoDB DEFAULT CHARSET=utf8;

--
-- Dumping data for table `tbl_admin`
--

INSERT INTO `tbl_admin` (`id`, `username`, `password`, `email`, `image`) VALUES
(1, 'admin', 'admin@123', 'admin@yourwebsite.com', 'profile.png');

-- --------------------------------------------------------

--
-- Table structure for table `tbl_bid`
--

CREATE TABLE `tbl_bid` (
  `bd_id` int(11) NOT NULL,
  `u_id` int(11) NOT NULL,
  `o_id` int(11) NOT NULL,
  `bd_value` varchar(20) NOT NULL,
  `bd_amount` varchar(255) NOT NULL,
  `bd_date` varchar(255) NOT NULL,
  `bd_status` int(1) NOT NULL
) ENGINE=InnoDB DEFAULT CHARSET=utf8;

--
-- Dumping data for table `tbl_bid`
--

INSERT INTO `tbl_bid` (`bd_id`, `u_id`, `o_id`, `bd_value`, `bd_amount`, `bd_date`, `bd_status`) VALUES
(1, 1, 3, '200', '200', '2022-01-05', 1),
(2, 1, 1, '25', '25', '2022-01-05', 1),
(3, 1, 2, '25', '25', '2022-01-06', 1),
(4, 1, 4, '200', '200', '2022-01-06', 1),
(5, 1, 3, '200', '200', '2022-02-08', 1),
(6, 1, 3, '200', '200', '2022-02-08', 1),
(7, 1, 4, '110', '110', '2022-01-16', 1),
(8, 1, 2, '110', '110', '2022-02-04', 1),
(127, 2, 3, '1.57', '1', '2022-08-09', 1),
(128, 2, 4, '1.00', '2', '2022-08-09', 1),
(129, 2, 4, '1.01', '2', '2022-08-09', 1),
(130, 2, 4, '1.02', '2', '2022-08-09', 1),
(131, 2, 8, '1.00', '1', '2022-08-12', 1),
(132, 2, 8, '1.57', '1', '2022-08-12', 1),
(133, 2171, 3, '2.00', '1', '2022-10-02', 1),
(134, 2171, 3, '1.00', '1', '2022-10-02', 1),
(135, 2171, 8, '1.01', '1', '2022-10-02', 1),
(136, 2171, 8, '1.02', '1', '2022-10-02', 1),
(137, 2171, 8, '1.03', '1', '2022-10-02', 1),
(138, 2171, 8, '1.04', '1', '2022-10-02', 1),
(139, 2171, 8, '1.05', '1', '2022-10-02', 1),
(140, 2171, 8, '1.06', '1', '2022-10-02', 1),
(141, 2171, 8, '1.07', '1', '2022-10-02', 1),
(142, 2171, 8, '1.08', '1', '2022-10-02', 1),
(143, 2171, 8, '1.09', '1', '2022-10-02', 1),
(144, 2171, 8, '1.10', '1', '2022-10-02', 1),
(145, 2171, 8, '1.11', '1', '2022-10-02', 1),
(146, 2171, 8, '1.12', '1', '2022-10-02', 1),
(147, 2171, 8, '1.13', '1', '2022-10-02', 1),
(148, 2171, 8, '1.14', '1', '2022-10-02', 1),
(149, 2171, 8, '1.15', '1', '2022-10-02', 1),
(150, 2171, 8, '1.16', '1', '2022-10-02', 1),
(151, 2171, 8, '1.17', '1', '2022-10-02', 1),
(152, 2171, 8, '1.18', '1', '2022-10-02', 1),
(153, 2171, 8, '1.19', '1', '2022-10-02', 1),
(154, 2171, 8, '1.20', '1', '2022-10-02', 1),
(155, 2171, 8, '1.21', '1', '2022-10-02', 1),
(156, 2171, 8, '1.22', '1', '2022-10-02', 1),
(157, 2171, 8, '1.23', '1', '2022-10-02', 1),
(158, 2171, 8, '1.24', '1', '2022-10-02', 1),
(159, 2171, 8, '1.25', '1', '2022-10-02', 1),
(160, 2171, 8, '1.26', '1', '2022-10-02', 1),
(161, 2171, 8, '1.27', '1', '2022-10-02', 1),
(162, 2171, 8, '1.28', '1', '2022-10-02', 1),
(163, 2171, 8, '1.29', '1', '2022-10-02', 1),
(164, 2171, 8, '1.30', '1', '2022-10-02', 1),
(165, 2171, 8, '1.31', '1', '2022-10-02', 1),
(166, 2171, 8, '1.32', '1', '2022-10-02', 1),
(167, 2171, 8, '1.33', '1', '2022-10-02', 1),
(168, 2171, 8, '1.34', '1', '2022-10-02', 1),
(169, 2171, 8, '1.35', '1', '2022-10-02', 1),
(170, 2171, 8, '1.36', '1', '2022-10-02', 1),
(171, 2171, 8, '1.37', '1', '2022-10-02', 1),
(172, 2171, 8, '1.38', '1', '2022-10-02', 1),
(173, 2171, 8, '1.39', '1', '2022-10-02', 1),
(174, 2171, 8, '1.40', '1', '2022-10-02', 1),
(175, 2171, 8, '1.41', '1', '2022-10-02', 1),
(176, 2171, 8, '1.42', '1', '2022-10-02', 1),
(177, 2171, 8, '1.43', '1', '2022-10-02', 1),
(178, 2171, 8, '1.44', '1', '2022-10-02', 1),
(179, 2171, 8, '1.45', '1', '2022-10-02', 1),
(180, 2171, 8, '1.46', '1', '2022-10-02', 1),
(181, 2171, 8, '1.47', '1', '2022-10-02', 1),
(182, 2171, 8, '1.48', '1', '2022-10-02', 1),
(183, 2171, 8, '1.49', '1', '2022-10-02', 1),
(184, 2171, 8, '1.50', '1', '2022-10-02', 1),
(185, 2171, 8, '1.51', '1', '2022-10-02', 1),
(186, 2171, 8, '1.52', '1', '2022-10-02', 1),
(187, 2171, 8, '1.53', '1', '2022-10-02', 1),
(188, 2171, 8, '1.54', '1', '2022-10-02', 1),
(189, 2171, 8, '1.55', '1', '2022-10-02', 1),
(190, 2171, 8, '1.56', '1', '2022-10-02', 1),
(191, 2171, 8, '1.57', '1', '2022-10-02', 1),
(192, 2171, 8, '1.58', '1', '2022-10-02', 1),
(193, 2171, 8, '1.59', '1', '2022-10-02', 1),
(194, 2171, 8, '1.60', '1', '2022-10-02', 1),
(195, 2171, 8, '1.61', '1', '2022-10-02', 1),
(196, 2171, 8, '1.62', '1', '2022-10-02', 1),
(197, 2171, 8, '1.63', '1', '2022-10-02', 1),
(198, 2171, 8, '1.64', '1', '2022-10-02', 1),
(199, 2171, 8, '1.65', '1', '2022-10-02', 1),
(200, 2171, 8, '1.66', '1', '2022-10-02', 1),
(201, 2171, 8, '1.67', '1', '2022-10-02', 1),
(202, 2171, 8, '1.68', '1', '2022-10-02', 1),
(203, 2171, 8, '1.69', '1', '2022-10-02', 1),
(204, 2171, 8, '1.70', '1', '2022-10-02', 1),
(205, 2171, 8, '1.71', '1', '2022-10-02', 1),
(206, 2171, 8, '1.72', '1', '2022-10-02', 1),
(207, 2171, 8, '1.73', '1', '2022-10-02', 1),
(208, 2171, 8, '1.74', '1', '2022-10-02', 1),
(209, 2171, 8, '1.75', '1', '2022-10-02', 1),
(210, 2171, 8, '1.76', '1', '2022-10-02', 1),
(211, 2171, 8, '1.77', '1', '2022-10-02', 1),
(212, 2171, 8, '1.78', '1', '2022-10-02', 1),
(213, 2171, 8, '1.79', '1', '2022-10-02', 1),
(214, 2171, 8, '1.80', '1', '2022-10-02', 1),
(215, 2171, 8, '1.81', '1', '2022-10-02', 1),
(216, 2171, 8, '1.82', '1', '2022-10-02', 1),
(217, 2171, 8, '1.83', '1', '2022-10-02', 1),
(218, 2171, 8, '1.84', '1', '2022-10-02', 1),
(219, 2171, 8, '1.85', '1', '2022-10-02', 1),
(220, 2171, 8, '1.86', '1', '2022-10-02', 1),
(221, 2171, 8, '1.87', '1', '2022-10-02', 1),
(222, 2171, 8, '1.88', '1', '2022-10-02', 1),
(223, 2171, 8, '1.89', '1', '2022-10-02', 1),
(224, 2171, 8, '1.90', '1', '2022-10-02', 1),
(225, 2171, 8, '1.91', '1', '2022-10-02', 1),
(226, 2171, 8, '1.92', '1', '2022-10-02', 1),
(227, 2171, 8, '1.93', '1', '2022-10-02', 1),
(228, 2171, 8, '1.94', '1', '2022-10-02', 1),
(229, 2171, 8, '1.95', '1', '2022-10-02', 1),
(230, 2171, 8, '1.96', '1', '2022-10-02', 1),
(231, 2171, 8, '1.97', '1', '2022-10-02', 1),
(232, 2171, 8, '1.98', '1', '2022-10-02', 1),
(233, 2171, 8, '1.99', '1', '2022-10-02', 1),
(234, 2171, 8, '2.00', '1', '2022-10-02', 1),
(235, 2171, 9, '1.00', '2', '2022-10-10', 1),
(236, 2171, 16, '1.00', '1', '2022-10-10', 1),
(237, 2171, 3, '1.00', '1', '2022-10-14', 1),
(238, 2171, 3, '2.00', '1', '2022-10-14', 1),
(239, 2171, 3, '5.00', '1', '2022-10-14', 1),
(240, 2171, 3, '1.00', '1', '2022-10-25', 1),
(241, 2171, 3, '1.01', '1', '2022-10-25', 1),
(242, 2171, 3, '1.02', '1', '2022-10-25', 1),
(243, 2171, 3, '1.03', '1', '2022-10-25', 1),
(244, 2171, 3, '1.04', '1', '2022-10-25', 1),
(245, 2171, 3, '1.05', '1', '2022-10-25', 1),
(246, 2171, 3, '1.06', '1', '2022-10-25', 1),
(247, 2171, 3, '1.07', '1', '2022-10-25', 1),
(248, 2171, 3, '1.08', '1', '2022-10-25', 1),
(249, 2171, 3, '1.09', '1', '2022-10-25', 1),
(250, 2171, 3, '1.10', '1', '2022-10-25', 1),
(251, 2171, 3, '1.11', '1', '2022-10-25', 1),
(354, 1, 2, '1.23', '1', '2022-11-19', 1),
(355, 1, 4, '2.34', '4', '2022-11-19', 1),
(356, 1, 4, '2.50', '4', '2022-11-19', 1),
(357, 2, 7, '3KCW', '4', '2022-11-19', 1),
(358, 1, 1, '1.50', '1', '2022-11-19', 1),
(359, 1, 6, '1.56', '2', '2022-11-19', 1),
(360, 1, 4, '2.00', '4', '2022-11-24', 1);

-- --------------------------------------------------------

--
-- Table structure for table `tbl_cat`
--

CREATE TABLE `tbl_cat` (
  `c_id` int(11) NOT NULL,
  `c_image` varchar(255) CHARACTER SET utf8 NOT NULL,
  `c_name` varchar(255) CHARACTER SET utf8 NOT NULL,
  `c_desc` varchar(255) CHARACTER SET utf8 NOT NULL,
  `c_color` varchar(255) CHARACTER SET utf8 NOT NULL,
  `c_view` varchar(255) CHARACTER SET utf8mb4 NOT NULL,
  `c_status` varchar(255) CHARACTER SET utf8 NOT NULL
) ENGINE=InnoDB DEFAULT CHARSET=utf8 COLLATE=utf8_unicode_ci;

--
-- Dumping data for table `tbl_cat`
--

INSERT INTO `tbl_cat` (`c_id`, `c_image`, `c_name`, `c_desc`, `c_color`, `c_view`, `c_status`) VALUES
(1, 'static/announcements.png', 'Announcements', 'to keep you updated!', 'FF834D', '2', '1'),
(2, 'auction.png', 'Lowest Unique Bid', 'bid lowest and unique to win!', '592F66', '1', '1'),
(3, 'auction.png', 'Highest Unique Bid', 'bid highest and unique to win!', '592F66', '1', '1'),
(4, 'raffle.png', 'Lucky Draws', 'get a chance to win the item!', '8A6C45', '1', '1'),
(5, 'redeem.png', 'Redeem Center', 'redeem your coins on awesome prizes!', 'E36223', '1', '1');

-- --------------------------------------------------------

--
-- Table structure for table `tbl_coin_list`
--

CREATE TABLE `tbl_coin_list` (
  `c_id` int(11) NOT NULL,
  `c_name` varchar(255) COLLATE utf8_unicode_ci NOT NULL,
  `c_coin` int(11) NOT NULL,
  `c_amount` int(11) NOT NULL,
  `c_status` int(11) NOT NULL
) ENGINE=InnoDB DEFAULT CHARSET=utf8 COLLATE=utf8_unicode_ci;

--
-- Dumping data for table `tbl_coin_list`
--

INSERT INTO `tbl_coin_list` (`c_id`, `c_name`, `c_coin`, `c_amount`, `c_status`) VALUES
(1, 'Treasure Box', 10000, 999, 1),
(2, 'Taitanium Pack', 7250, 749, 1),
(3, 'Platinum Pack', 4500, 499, 1),
(4, 'Gold Pack', 2000, 249, 1),
(5, 'Silver Pack', 850, 99, 1),
(6, 'Bronze Pack', 400, 49, 1),
(7, 'Newbie Pack', 80, 10, 1),
(8, 'Test Pack', 5, 1, 1),
(15, 'Platinum', 200, 200, 1),
(16, 'Free', 100, 0, 1),
(17, 'gfgfgf', 50, 0, 1),
(18, 'USDT', 100, 100, 1),
(19, 'tshirt', 50, 250, 1),
(20, 'Basic Pack', 100, 100, 1),
(21, '     b b', 100, 100, 1);

-- --------------------------------------------------------

--
-- Table structure for table `tbl_network`
--

CREATE TABLE `tbl_network` (
  `id` int(11) NOT NULL,
  `user_id` int(11) NOT NULL,
  `level` int(11) NOT NULL,
  `money` varchar(255) NOT NULL,
  `refferal_user_id` int(11) NOT NULL,
  `status` int(11) NOT NULL
) ENGINE=InnoDB DEFAULT CHARSET=latin1;

--
-- Dumping data for table `tbl_network`
--

INSERT INTO `tbl_network` (`id`, `user_id`, `level`, `money`, `refferal_user_id`, `status`) VALUES
(1, 2198, 1, '5', 2202, 1),
(2, 2205, 1, '5', 2207, 1),
(3, 1, 1, '5', 2209, 1);

-- --------------------------------------------------------

--
-- Table structure for table `tbl_offers`
--

CREATE TABLE `tbl_offers` (
  `id` int(11) NOT NULL,
  `o_id` int(11) NOT NULL,
  `c_id` varchar(255) NOT NULL,
  `o_name` varchar(255) NOT NULL,
  `v_name` varchar(255) NOT NULL,
  `o_image` varchar(255) NOT NULL,
  `o_oimage` varchar(255) NOT NULL,
  `o_desc` text NOT NULL,
  `o_amount` varchar(255) NOT NULL,
  `o_link` varchar(255) NOT NULL,
  `o_date` varchar(255) NOT NULL,
  `o_edate` varchar(255) NOT NULL,
  `o_stime` varchar(255) NOT NULL,
  `o_etime` varchar(255) NOT NULL,
  `o_type` varchar(255) NOT NULL,
  `o_min` varchar(255) NOT NULL,
  `o_max` varchar(255) NOT NULL,
  `o_price` varchar(255) NOT NULL,
  `o_qty` varchar(255) NOT NULL,
  `o_status` int(1) NOT NULL
) ENGINE=InnoDB DEFAULT CHARSET=utf8;

--
-- Dumping data for table `tbl_offers`
--

INSERT INTO `tbl_offers` (`id`, `o_id`, `c_id`, `o_name`, `v_name`, `o_image`, `o_oimage`, `o_desc`, `o_amount`, `o_link`, `o_date`, `o_edate`, `o_stime`, `o_etime`, `o_type`, `o_min`, `o_max`, `o_price`, `o_qty`, `o_status`) VALUES
(1, 1, '2', 'Amazon Gift Card', '', 'static/amazon.jpeg', '', '.Item Details:- Bid and Win this Gift Card for an great deal.  .Delivery Details:- • Our team will contact you within 72 hours on the mail id you have provided while claiming it to process the claim.', '1', 'https://prizex.in/prizex-winners/', '2022-02-03', '2022-10-30', '19:00:00', '19:00:00', '1', '0.01', '10', '10', '0', 1),
(2, 2, '2', 'Coffee Mug', '', 'static/cup.jpeg', '', '.Item Details:- Bid and Win this awesome coffee mug for an great deal.Delivery Details:- • Our team will contact you within 72 hours on the mail id you have provided while claiming it to process the claim.', '1', 'https://prizex.in/prizex-winners-2/', '2022-02-03', '2023-04-30', '19:07:08', '19:06:58', '1', '0.03', '10', '10', '0', 1),
(1, 3, '2', 'Camera', '', 'static/camera.jpeg', '', '.Item Details:- Bid and Win Camera for an great deal.  .Delivery Details:- • Our team will contact you within 72 hours on the mail id you have provided while claiming it to process the claim.', '4', '', '2022-02-03', '2023-04-30', '19:07:08', '19:06:58', '1', '0.03', '70', '69.99', '0', 1),
(3, 4, '3', 'Camera', '', 'static/camera.jpeg', '', '.Item Details:- Bid and Win Camera for an great deal. \r\n.Delivery Details:- • Our team will contact you within 72 hours on the mail id you have provided while claiming it to process the claim.', '4', '', '2022-01-04', '2022-11-30', '14:11:00', '10:00:00', '2', '0', '70', '69.99', '', 1),
(2, 5, '3', 'Coffee Mug', '', 'static/cup.jpeg', '', '.Item Details:- Bid and Win this awesome coffee mug for an great deal. \r\n.Delivery Details:- • Our team will contact you within 72 hours on the mail id you have provided while claiming it to process the claim.', '1', '', '2022-01-04', '2022-11-30', '14:11:00', '10:00:00', '2', '0', '100', '10', '', 1),
(2, 6, '2', 'Smart Watch', '', 'static/watch.jpeg', '', '.Item Details:- Bid and Win this Smart Watch for an great deal.\r\n.Delivery Details:- • Our team will contact you within 72 hours on the mail id you have provided while claiming it to process the claim.', '2', '', '2022-01-04', '2022-11-30', '14:11:00', '10:00:00', '1', '0.03', '100', '49', '', 1),
(1, 8, '5', 'T-shirt', '', 'static/shirt.jpeg', '', '.Delivery Details:- • Our team will contact you within 72 hours on the mail id you have provided while claiming it to process the claim.', '175', '', '2022-01-04', '2022-11-30', '14:11:00', '16:00:00', '3', '0.03', '100', '24', '2', 1),
(4, 9, '4', 'T-Shirt', '', 'static/shirt1.jpeg', '', '.Item Details:- Take Part in the Lucky Draw and win this T-Shirt for an great deal. \r\n\r\n.Delivery Details:- • Our team will contact you within 72 hours on the mail id you have provided while claiming it to process the claim.', '2', '', '2022-05-08', '2022-11-30', '00:22:00', '11:30:00', '4', '0.03', '100', '24', '', 1),
(1, 10, '5', 'Sock', '', 'static/sock.jpeg', '', '.Item Details:- Take Part in the Lucky Draw and win this Socks for an great deal. \r\n\r\n.Delivery Details:- • Our team will contact you within 72 hours on the mail id you have provided while claiming it to process the claim..Delivery Details:- • Our team will contact you within 72 hours on the mail id you have provided while claiming it to process the claim.', '100', '', '2022-01-04', '2022-12-30', '14:11:00', '11:30:00', '3', '0', '100', '14', '15', 1),
(0, 11, '5', 'Sock', '', 'static/sock1.jpeg', '', '.Delivery Details:- • Our team will contact you within 72 hours on the mail id you have provided while claiming it to process the claim.', '100', '', '2022-05-08', '2022-11-30', '00:05:00', '11:30:00', '3', '0.03', '100', '14', '10', 1),
(0, 12, '5', 'Watch', '', 'static/watch.jpeg', '', '.Delivery Details:- • Our team will contact you within 72 hours on the mail id you have provided while claiming it to process the claim.', '3000', '', '2022-05-08', '2022-11-30', '14:11:00', '10:00:00', '3', '0.03', '100', '49', '100', 1),
(0, 14, '1', 'message', '', 'static/message.png', '', 'Banner', '1', 'https://wa.me/wowcodes', '2021-12-30', '2022-12-06', '06:00', '18:00:02', '6', '0.03', '', '', '0', 1),
(0, 15, '5', 'Amazon Gift Card', '', 'static/amazon.jpeg', '', '.Delivery Details:- • Our team will contact you within 72 hours on the mail id you have provided while claiming it to process the claim.', '1000', '', '2022-01-01', '2022-07-25', '09:23:00', '00:00:00', '3', '0.03', '', '100', '5', 1),
(0, 16, '5', 'Earbuds', '', 'static/earphone.jpeg', '', '.Delivery Details:- • Our team will contact you within 72 hours on the mail id you have provided while claiming it to process the claim.', '200', '', '2022-05-08', '2022-09-20', '00:01:00', '01:05:00', '3', '0.03', '100', '500', '1000', 1),
(0, 19, 'Scorpio ', 'Win A New Scorpio ', '', '74196_FB_IMG_1474379062290.jpg', '', 'Hello Participate And Win A Scorpio ', '100', '', '2022-11-06', '2022-11-30', '21:42:00', '21:42:00', '6', '', '', '1500000', '1', 1);

-- --------------------------------------------------------

--
-- Table structure for table `tbl_order`
--

CREATE TABLE `tbl_order` (
  `o_id` int(11) NOT NULL,
  `u_id` int(11) NOT NULL,
  `offer_id` int(11) NOT NULL,
  `total_amount` varchar(255) COLLATE utf8_unicode_ci NOT NULL,
  `dis_amount` varchar(255) COLLATE utf8_unicode_ci NOT NULL,
  `pay_amount` varchar(255) COLLATE utf8_unicode_ci NOT NULL,
  `o_address` varchar(2554) COLLATE utf8_unicode_ci NOT NULL,
  `order_status` int(11) NOT NULL DEFAULT '1',
  `order_date` varchar(255) COLLATE utf8_unicode_ci NOT NULL,
  `o_status` int(11) NOT NULL
) ENGINE=InnoDB DEFAULT CHARSET=utf8 COLLATE=utf8_unicode_ci;

--
-- Dumping data for table `tbl_order`
--

INSERT INTO `tbl_order` (`o_id`, `u_id`, `offer_id`, `total_amount`, `dis_amount`, `pay_amount`, `o_address`, `order_status`, `order_date`, `o_status`) VALUES
(136, 1, 11, '100', '', '100', 'hello@wowcodes.in', 1, '10-02-2022 10:49:47', 1),
(137, 1, 11, '100', '', '100', 'brij.moblinker.com@gmail.com', 2, '14-02-2022 19:46:04', 0),
(138, 1, 8, '175', '', '175', 'adepentane5@gmail.com', 4, '20-04-2022 19:03:54', 1),
(139, 1, 13, '1', '', '1', 'hi', 3, '19-07-2022 07:22:03', 0),
(140, 1, 16, '200', '', '200', 'bhati.neemla@gmail.com', 1, '16-09-2022 10:21:04', 1),
(141, 1, 10, '100', '', '100', '05655346787', 1, '15-10-2022 00:19:10', 1),
(142, 1, 12, '3000', '', '3000', 'husseinswalmeh1990@gmail.com', 1, '29-10-2022 17:44:17', 0),
(143, 1, 8, '175', '', '175', '143', 3, '19-11-2022 11:46:44', 1);

-- --------------------------------------------------------

--
-- Table structure for table `tbl_settings`
--

CREATE TABLE `tbl_settings` (
  `id` int(11) NOT NULL,
  `email_from` varchar(255) NOT NULL,
  `onesignal_app_id` text NOT NULL,
  `onesignal_rest_key` text NOT NULL,
  `app_name` varchar(255) NOT NULL,
  `app_logo` varchar(255) NOT NULL,
  `app_email` varchar(255) NOT NULL,
  `app_version` varchar(255) NOT NULL,
  `app_author` varchar(255) NOT NULL,
  `app_contact` varchar(255) NOT NULL,
  `app_website` varchar(255) NOT NULL,
  `app_description` text NOT NULL,
  `app_developed_by` varchar(255) NOT NULL,
  `app_privacy_policy` text NOT NULL,
  `api_all_order_by` varchar(255) NOT NULL,
  `api_latest_limit` int(3) NOT NULL,
  `api_cat_order_by` varchar(255) NOT NULL,
  `api_cat_post_order_by` varchar(255) NOT NULL,
  `publisher_id` text NOT NULL,
  `interstital_ad` text NOT NULL,
  `interstital_ad_id` text NOT NULL,
  `interstital_ad_click` varchar(255) NOT NULL,
  `banner_ad` text NOT NULL,
  `banner_ad_id` text NOT NULL,
  `native_ad_id` varchar(255) NOT NULL,
  `publisher_id_ios` varchar(500) NOT NULL,
  `app_id_ios` varchar(500) NOT NULL,
  `interstital_ad_ios` varchar(500) NOT NULL,
  `interstital_ad_id_ios` varchar(500) NOT NULL,
  `interstital_ad_click_ios` varchar(500) NOT NULL,
  `banner_ad_ios` varchar(500) NOT NULL,
  `banner_ad_id_ios` varchar(500) NOT NULL,
  `native_ad_id_ios` varchar(255) NOT NULL,
  `how_to_play` text NOT NULL,
  `about_us` text NOT NULL
) ENGINE=InnoDB DEFAULT CHARSET=utf8;

--
-- Dumping data for table `tbl_settings`
--

INSERT INTO `tbl_settings` (`id`, `email_from`, `onesignal_app_id`, `onesignal_rest_key`, `app_name`, `app_logo`, `app_email`, `app_version`, `app_author`, `app_contact`, `app_website`, `app_description`, `app_developed_by`, `app_privacy_policy`, `api_all_order_by`, `api_latest_limit`, `api_cat_order_by`, `api_cat_post_order_by`, `publisher_id`, `interstital_ad`, `interstital_ad_id`, `interstital_ad_click`, `banner_ad`, `banner_ad_id`, `native_ad_id`, `publisher_id_ios`, `app_id_ios`, `interstital_ad_ios`, `interstital_ad_id_ios`, `interstital_ad_click_ios`, `banner_ad_ios`, `banner_ad_id_ios`, `native_ad_id_ios`, `how_to_play`, `about_us`) VALUES
(1, '', 'e667c917-2865-4ccf-9a30-fb2c04a15e69', 'OGQ5MWQ0NTMtYzcwZi00ZGY5LWIwNDktZGZmNzkzM2E0Yzdm', 'PrizeX ', 'img_coin.png', '', '', '', '', '', '', '', 'Enter your app privacy policy from Admin panel', 'ASC', 15, 'cid', 'DESC', '2096905823943315', 'true', '2887875904580143_2887877791246621', '4', 'true', '2887875904580143_2893749237326143', '2887875904580143_3108839169150481', 'pub-', '', 'true', 'ca-app-pub-3940256099942544/1033173712', '5', 'true', 'ca-app-pub-6736820514271711/5507792689', 'ca-app-pub-3940256099942544/2247696110', '', '');

-- --------------------------------------------------------

--
-- Table structure for table `tbl_transaction`
--

CREATE TABLE `tbl_transaction` (
  `id` int(11) NOT NULL,
  `user_id` int(11) NOT NULL,
  `type` int(255) NOT NULL,
  `type_no` int(11) NOT NULL,
  `date` varchar(255) NOT NULL,
  `money` varchar(255) NOT NULL
) ENGINE=MyISAM DEFAULT CHARSET=latin1;

--
-- Dumping data for table `tbl_transaction`
--

INSERT INTO `tbl_transaction` (`id`, `user_id`, `type`, `type_no`, `date`, `money`) VALUES
(20283, 1, 1, 4, '2022-11-24', '4'),
(20282, 1, 1, 6, '2022-11-19', '2'),
(20281, 1, 1, 1, '2022-11-19', '1'),
(20280, 2, 1, 7, '2022-11-19', '4'),
(20279, 1, 2, 2209, '2022-11-19', '5'),
(20278, 1, 1, 4, '2022-11-19', '4'),
(20277, 1, 1, 4, '2022-11-19', '4'),
(20276, 1, 1, 2, '2022-11-19', '1'),
(20275, 1, 1, 2, '2022-11-19', '1'),
(20274, 1, 1, 8, '2022-11-19', '175'),
(20273, 1, 1, 4, '2022-11-12', '4'),
(20272, 1, 1, 13, '2022-11-11', '1'),
(20271, 1, 1, 6, '2022-11-11', '2'),
(20270, 2205, 2, 2207, '2022-11-10', '5'),
(20269, 1, 1, 9, '2022-11-08', '2'),
(20268, 1, 1, 9, '2022-11-06', '2'),
(20267, 1, 1, 6, '2022-11-06', '2'),
(20266, 1, 1, 2, '2022-11-06', '1'),
(20265, 1, 1, 7, '2022-11-06', '4'),
(20264, 1, 1, 9, '2022-11-04', '2'),
(20263, 1, 1, 9, '2022-11-04', '2'),
(20262, 1, 1, 7, '2022-11-02', '4'),
(20261, 1, 1, 12, '2022-10-29', '3000'),
(20260, 1, 1, 9, '2022-10-29', '2'),
(20258, 2198, 1, 9, '2022-10-19', '2'),
(20257, 2198, 2, 2202, '2022-10-19', '5'),
(20256, 1, 1, 9, '2022-10-18', '2'),
(20255, 1, 1, 7, '2022-10-18', '4'),
(20254, 1, 1, 3, '2022-10-17', '4'),
(20253, 1, 1, 4, '2022-10-17', '4'),
(20252, 1, 1, 4, '2022-10-17', '4'),
(20251, 1, 1, 1, '2022-10-15', '1'),
(20250, 1, 1, 1, '2022-10-15', '1'),
(20249, 1, 1, 1, '2022-10-15', '1'),
(20248, 1, 1, 1, '2022-10-15', '1'),
(20247, 1, 1, 1, '2022-10-15', '1'),
(20246, 1, 1, 1, '2022-10-15', '1'),
(20245, 1, 1, 10, '2022-10-15', '100'),
(20244, 1, 1, 1, '2022-10-15', '1'),
(20243, 1, 1, 1, '2022-10-15', '1'),
(20242, 1, 1, 1, '2022-10-15', '1'),
(20241, 1, 1, 1, '2022-10-15', '1'),
(20240, 1, 1, 1, '2022-10-15', '1'),
(20239, 1, 1, 1, '2022-10-15', '1'),
(20238, 1, 1, 1, '2022-10-15', '1'),
(20237, 1, 1, 1, '2022-10-15', '1'),
(20236, 1, 1, 1, '2022-10-15', '1'),
(20235, 1, 1, 5, '2022-10-14', '1'),
(20234, 1, 1, 5, '2022-10-14', '1'),
(20233, 1, 1, 5, '2022-10-14', '1'),
(20232, 1, 1, 5, '2022-10-14', '1'),
(20231, 1, 1, 5, '2022-10-14', '1'),
(20230, 1, 1, 5, '2022-10-14', '1'),
(20229, 1, 1, 5, '2022-10-14', '1'),
(20228, 1, 1, 5, '2022-10-14', '1'),
(20227, 1, 1, 5, '2022-10-14', '1'),
(20226, 1, 1, 5, '2022-10-14', '1'),
(20225, 1, 1, 7, '2022-10-14', '4'),
(20224, 1, 1, 4, '2022-10-14', '4'),
(20223, 1, 1, 1, '2022-10-14', '1'),
(20222, 1, 1, 1, '2022-10-14', '1'),
(20221, 1, 1, 1, '2022-10-14', '1'),
(20220, 1, 1, 1, '2022-10-14', '1'),
(20219, 1, 1, 1, '2022-10-14', '1'),
(20218, 1, 1, 1, '2022-10-14', '1'),
(20217, 1, 1, 1, '2022-10-14', '1'),
(20216, 1, 1, 1, '2022-10-14', '1'),
(20215, 1, 1, 1, '2022-10-14', '1'),
(20214, 1, 1, 1, '2022-10-14', '1'),
(20213, 1, 1, 1, '2022-10-14', '1'),
(20212, 1, 1, 1, '2022-10-14', '1'),
(20211, 1, 1, 2, '2022-10-14', '1'),
(20210, 1, 1, 1, '2022-10-14', '1'),
(20209, 1, 1, 1, '2022-10-14', '1'),
(20208, 1, 1, 1, '2022-10-14', '1'),
(20207, 1, 1, 1, '2022-10-14', '1'),
(20206, 1, 1, 1, '2022-10-14', '1'),
(20205, 1, 1, 1, '2022-10-14', '1'),
(20204, 1, 1, 1, '2022-10-14', '1'),
(20203, 1, 1, 1, '2022-10-14', '1'),
(20202, 1, 1, 1, '2022-10-14', '1'),
(20201, 1, 1, 1, '2022-10-14', '1'),
(20200, 1, 1, 1, '2022-10-14', '1'),
(20199, 1, 1, 1, '2022-10-14', '1'),
(20198, 1, 1, 1, '2022-10-14', '1'),
(20197, 1, 1, 1, '2022-10-14', '1'),
(20196, 1, 1, 1, '2022-10-14', '1'),
(20195, 1, 1, 1, '2022-10-14', '1'),
(20194, 1, 1, 1, '2022-10-14', '1'),
(20193, 1, 1, 1, '2022-10-14', '1'),
(20192, 1, 1, 16, '2022-09-16', '200'),
(20190, 1, 1, 9, '2022-07-23', '2'),
(20189, 1, 1, 12, '2022-07-16', '3'),
(20188, 1, 1, 12, '2022-07-12', '3'),
(20187, 1, 1, 9, '2022-07-08', '2'),
(20186, 1, 1, 10, '2022-06-29', '4'),
(20185, 1, 1, 12, '2022-06-26', '3'),
(20184, 1, 1, 10, '2022-06-22', '4'),
(20183, 1, 1, 16, '2022-06-22', '200'),
(20182, 1, 1, 16, '2022-06-22', '200'),
(20181, 1, 1, 12, '2022-06-22', '3'),
(20180, 1, 1, 12, '2022-06-22', '3'),
(20179, 1, 1, 10, '2022-06-22', '4'),
(20178, 1, 1, 12, '2022-06-14', '3'),
(20177, 1, 1, 10, '2022-06-13', '4'),
(20176, 1, 1, 10, '2022-06-09', '4'),
(20175, 1, 1, 13, '2022-06-08', '1'),
(20174, 1, 1, 7, '2022-06-08', '4'),
(20173, 1, 1, 7, '2022-06-08', '4'),
(20172, 1, 1, 13, '2022-06-08', '1'),
(20171, 1, 1, 7, '2022-06-01', '4'),
(20170, 1, 1, 9, '2022-06-01', '2'),
(20169, 1, 1, 6, '2022-06-01', '2'),
(20168, 1, 1, 12, '2022-05-24', '3'),
(20167, 1, 1, 9, '2022-05-22', '2'),
(20166, 1, 1, 9, '2022-05-22', '2'),
(20165, 1, 1, 9, '2022-05-22', '2'),
(20164, 1, 1, 9, '2022-05-22', '2'),
(20163, 1, 1, 9, '2022-05-22', '2'),
(20162, 1, 1, 9, '2022-05-22', '2'),
(20161, 1, 1, 9, '2022-05-22', '2'),
(20160, 1, 1, 12, '2022-05-21', '3'),
(20159, 2174, 1, 16, '2022-05-18', '200'),
(20158, 2174, 1, 16, '2022-05-18', '200'),
(20157, 2174, 1, 16, '2022-05-18', '200'),
(20156, 2174, 1, 16, '2022-05-18', '200'),
(20155, 2174, 1, 9, '2022-05-18', '2'),
(20154, 2174, 1, 9, '2022-05-18', '2'),
(20153, 1, 1, 11, '2022-05-18', '100'),
(20152, 1, 1, 9, '2022-05-17', '2'),
(20151, 1, 1, 12, '2022-05-17', '3'),
(20150, 1, 1, 12, '2022-05-14', '3'),
(20149, 1, 1, 9, '2022-05-14', '2'),
(20148, 1, 1, 16, '2022-05-14', '200'),
(20147, 1, 1, 9, '2022-05-14', '2'),
(20146, 1, 1, 12, '2022-05-12', '3'),
(20145, 1, 1, 9, '2022-05-10', '2'),
(20144, 1, 1, 9, '2022-05-10', '2'),
(20143, 1, 1, 16, '2022-05-09', '200'),
(20142, 1, 1, 16, '2022-05-09', '200'),
(20138, 1, 1, 12, '2022-03-24', '3'),
(20137, 1, 1, 13, '2022-03-24', '1'),
(20136, 1, 1, 6, '2022-03-24', '2'),
(20135, 1, 1, 12, '2022-03-23', '3'),
(20134, 1, 1, 13, '2022-03-20', '1'),
(20133, 1, 1, 12, '2022-03-19', '3'),
(20132, 1, 1, 13, '2022-03-14', '1'),
(20131, 1, 1, 12, '2022-03-11', '3'),
(20130, 1, 1, 10, '2022-03-11', '4'),
(20129, 1, 1, 13, '2022-03-11', '1'),
(20128, 1, 1, 10, '2022-03-11', '4'),
(20127, 1, 1, 13, '2022-03-11', '1'),
(20126, 1, 1, 6, '2022-03-10', '2'),
(20125, 1, 1, 9, '2022-03-08', '2'),
(20124, 1, 1, 12, '2022-03-08', '3'),
(20123, 1, 1, 12, '2022-03-06', '3'),
(20122, 1, 1, 12, '2022-03-06', '3'),
(20121, 1, 1, 12, '2022-03-06', '3'),
(20120, 1, 1, 12, '2022-03-06', '3'),
(20119, 1, 1, 12, '2022-03-06', '3'),
(20118, 1, 1, 12, '2022-03-06', '3'),
(20117, 1, 1, 12, '2022-03-06', '3'),
(20116, 1, 1, 12, '2022-03-06', '3'),
(20115, 1, 1, 12, '2022-03-06', '3'),
(20114, 1, 1, 12, '2022-03-06', '3'),
(20113, 1, 1, 12, '2022-03-06', '3'),
(20112, 1, 1, 12, '2022-03-06', '3'),
(20111, 1, 1, 12, '2022-03-06', '3'),
(20110, 1, 1, 12, '2022-03-06', '3'),
(20109, 1, 1, 12, '2022-03-06', '3'),
(20108, 1, 1, 12, '2022-03-06', '3'),
(20107, 1, 1, 12, '2022-03-06', '3'),
(20106, 1, 1, 12, '2022-03-06', '3'),
(20105, 1, 1, 12, '2022-03-06', '3'),
(20104, 1, 1, 12, '2022-03-06', '3'),
(20103, 1, 1, 12, '2022-03-06', '3'),
(20102, 1, 1, 12, '2022-03-06', '3'),
(20101, 1, 1, 12, '2022-03-06', '3'),
(20100, 1, 1, 12, '2022-03-06', '3'),
(20099, 1, 1, 12, '2022-03-06', '3'),
(20098, 1, 1, 12, '2022-03-06', '3'),
(20097, 1, 1, 12, '2022-03-06', '3'),
(20096, 1, 1, 12, '2022-03-06', '3'),
(20095, 1, 1, 12, '2022-03-06', '3'),
(20094, 1, 1, 12, '2022-03-06', '3'),
(20093, 1, 1, 12, '2022-03-06', '3'),
(20092, 1, 1, 12, '2022-03-06', '3'),
(20091, 1, 1, 12, '2022-03-06', '3'),
(20090, 1, 1, 12, '2022-03-06', '3'),
(20089, 1, 1, 12, '2022-03-06', '3'),
(20088, 1, 1, 12, '2022-03-06', '3'),
(20087, 1, 1, 12, '2022-03-06', '3'),
(20086, 1, 1, 12, '2022-03-06', '3'),
(20085, 1, 1, 12, '2022-03-06', '3'),
(20084, 1, 1, 12, '2022-03-06', '3'),
(20083, 1, 1, 12, '2022-03-06', '3'),
(20082, 1, 1, 12, '2022-03-06', '3'),
(20081, 1, 1, 12, '2022-03-06', '3'),
(20080, 1, 1, 12, '2022-03-06', '3'),
(20079, 1, 1, 12, '2022-03-06', '3'),
(20078, 1, 1, 12, '2022-03-06', '3'),
(20077, 1, 1, 12, '2022-03-06', '3'),
(20076, 1, 1, 12, '2022-03-06', '3'),
(20075, 1, 1, 12, '2022-03-06', '3'),
(20074, 1, 1, 12, '2022-03-06', '3'),
(20073, 1, 1, 12, '2022-03-06', '3'),
(20072, 1, 1, 12, '2022-03-06', '3'),
(20071, 1, 1, 12, '2022-03-06', '3'),
(20070, 1, 1, 12, '2022-03-06', '3'),
(20069, 1, 1, 12, '2022-03-06', '3'),
(20068, 1, 1, 12, '2022-03-06', '3'),
(20067, 1, 1, 12, '2022-03-06', '3'),
(20066, 1, 1, 12, '2022-03-06', '3'),
(20065, 1, 1, 12, '2022-03-06', '3'),
(20064, 1, 1, 12, '2022-03-06', '3'),
(20063, 1, 1, 12, '2022-03-06', '3'),
(20062, 1, 1, 12, '2022-03-06', '3'),
(20061, 1, 1, 12, '2022-03-06', '3'),
(20060, 1, 1, 12, '2022-03-06', '3'),
(20059, 1, 1, 12, '2022-03-06', '3'),
(20058, 1, 1, 12, '2022-03-06', '3'),
(20057, 1, 1, 12, '2022-03-06', '3'),
(20056, 1, 1, 12, '2022-03-06', '3'),
(20055, 1, 1, 12, '2022-03-06', '3'),
(20054, 1, 1, 12, '2022-03-06', '3'),
(20053, 1, 1, 12, '2022-03-06', '3'),
(20052, 1, 1, 12, '2022-03-06', '3'),
(20051, 1, 1, 12, '2022-03-06', '3'),
(20050, 1, 1, 12, '2022-03-06', '3'),
(20049, 1, 1, 12, '2022-03-06', '3'),
(20048, 1, 1, 12, '2022-03-06', '3'),
(20047, 1, 1, 12, '2022-03-06', '3'),
(20046, 1, 1, 12, '2022-03-06', '3'),
(20045, 1, 1, 12, '2022-03-06', '3'),
(20044, 1, 1, 12, '2022-03-06', '3'),
(20043, 1, 1, 12, '2022-03-06', '3'),
(20042, 1, 1, 12, '2022-03-06', '3'),
(20041, 1, 1, 12, '2022-03-06', '3'),
(20040, 1, 1, 12, '2022-03-06', '3'),
(20039, 1, 1, 12, '2022-03-06', '3'),
(20038, 1, 1, 12, '2022-03-06', '3'),
(20037, 1, 1, 12, '2022-03-06', '3'),
(20036, 1, 1, 12, '2022-03-06', '3'),
(20035, 1, 1, 12, '2022-03-06', '3'),
(20034, 1, 1, 12, '2022-03-06', '3'),
(20033, 1, 1, 12, '2022-03-06', '3'),
(20032, 1, 1, 12, '2022-03-06', '3'),
(20031, 1, 1, 12, '2022-03-06', '3'),
(20030, 1, 1, 12, '2022-03-06', '3'),
(20029, 1, 1, 12, '2022-03-06', '3'),
(20028, 1, 1, 12, '2022-03-06', '3'),
(20027, 1, 1, 12, '2022-03-06', '3'),
(20026, 1, 1, 12, '2022-03-06', '3'),
(20025, 1, 1, 12, '2022-03-06', '3'),
(20024, 1, 1, 12, '2022-03-06', '3'),
(20023, 1, 1, 10, '2022-03-06', '4'),
(20022, 1, 1, 12, '2022-03-06', '3'),
(20021, 1, 1, 13, '2022-03-02', '1'),
(20020, 1, 1, 12, '2022-03-02', '3'),
(20019, 1, 1, 13, '2022-02-28', '1'),
(20018, 1, 1, 12, '2022-02-23', '3'),
(20017, 2, 1, 13, '2022-02-23', '1'),
(20016, 2, 1, 13, '2022-02-23', '1'),
(20015, 2, 1, 13, '2022-02-23', '1'),
(20014, 2, 1, 13, '2022-02-23', '1'),
(20013, 2, 1, 10, '2022-02-22', '4'),
(20012, 2, 1, 13, '2022-02-22', '1'),
(20011, 2, 1, 13, '2022-02-22', '1'),
(20010, 2, 1, 12, '2022-02-22', '3'),
(20009, 1, 1, 13, '2022-02-22', '1'),
(20008, 1, 1, 13, '2022-02-19', '1'),
(20007, 1, 1, 12, '2022-02-18', '3'),
(20006, 1, 1, 12, '2022-02-16', '3'),
(20005, 1, 1, 10, '2022-02-16', '4'),
(20004, 1, 1, 6, '2022-02-16', '2'),
(20003, 1, 1, 11, '2022-02-14', '100'),
(20002, 1, 1, 5, '2022-02-14', '1'),
(20001, 1, 1, 13, '2022-02-14', '1'),
(20000, 1, 1, 9, '2022-02-10', '2'),
(19999, 1, 1, 10, '2022-02-10', '4'),
(19998, 1, 1, 6, '2022-02-10', '2'),
(19997, 1, 1, 77, '2022-02-10', '3'),
(19996, 1, 1, 11, '2022-02-10', '100'),
(19995, 1, 1, 7, '2022-02-10', '4'),
(19994, 1, 1, 5, '2022-02-10', '1'),
(19993, 1, 1, 5, '2022-02-10', '1'),
(19992, 1, 1, 7, '2022-02-10', '4'),
(19991, 1, 1, 78, '2022-02-10', '1'),
(19990, 2, 1, 78, '2022-02-09', '1'),
(19989, 2, 1, 6, '2022-02-09', '2'),
(19988, 2, 1, 77, '2022-02-09', '3'),
(19987, 1, 1, 78, '2022-02-09', '1'),
(19986, 1, 1, 78, '2022-02-09', '1'),
(19985, 1, 1, 78, '2022-02-09', '1'),
(19984, 1, 1, 78, '2022-02-09', '1'),
(19983, 1, 1, 78, '2022-02-09', '1'),
(19982, 1, 1, 77, '2022-02-09', '3');

-- --------------------------------------------------------

--
-- Table structure for table `tbl_users`
--

CREATE TABLE `tbl_users` (
  `id` int(11) NOT NULL,
  `login_type` int(11) DEFAULT NULL,
  `name` varchar(255) NOT NULL,
  `email` varchar(255) NOT NULL,
  `image` varchar(255) NOT NULL,
  `password` varchar(255) NOT NULL,
  `phone` varchar(255) DEFAULT NULL,
  `device_id` varchar(255) DEFAULT NULL,
  `wallet` varchar(11) NOT NULL DEFAULT '0',
  `code` int(11) NOT NULL DEFAULT '0',
  `refferal_code` int(11) DEFAULT NULL,
  `confirm_code` varchar(255) DEFAULT NULL,
  `network` int(11) NOT NULL DEFAULT '0',
  `ban` int(11) NOT NULL DEFAULT '0',
  `status` varchar(255) NOT NULL DEFAULT '1'
) ENGINE=InnoDB DEFAULT CHARSET=utf8;

--
-- Dumping data for table `tbl_users`
--

INSERT INTO `tbl_users` (`id`, `login_type`, `name`, `email`, `image`, `password`, `phone`, `device_id`, `wallet`, `code`, `refferal_code`, `confirm_code`, `network`, `ban`, `status`) VALUES
(1, 1, 'Wow Codes!!', 'hello@wowcodes.in', '61184_abc', '123', '9339932830', '06bd60586db78ab7hj', '10366', 7812, 0, '1234', 1, 0, '1'),
(2, 1, 'PrizeX', 'hello@prizex.in', '13996_abc', '1234', '70013', '06bd60586db78ab7hj', '25934', 790864, 7812, '1234', 1, 0, '1'),
(2147, 1, 'brij', 'demo@test.com', '', 'Biju@526', '8160223565', '45155decaa0b3c5e', '0', 922912, 0, '8921', 0, 0, '1'),
(2148, 1, 'testtttt', 'vrlsatuci@gmail.com', '', '12345', '5373195123', '0560105ce8cce046', '0', 724397, 0, '7025', 0, 0, '1'),
(2149, 1, 'test', 'test@gamjl.com', '', '12345678', '3084036833', '90d1463afb5016d2', '200', 166931, 0, '4526', 0, 0, '0'),
(2150, 1, 'afbn', 'abidnawaz1997@gmail.com', '', 'Abid@123', '8507885534', 'd5ace18ff993e4d0', '0', 447746, 0, '8809', 0, 0, '0'),
(2152, 1, 'Samrat Baidya', 'nsbijoy20@gmail.com', '', 'SamratBD24', '1791125621', '82f62c0e5a677e30', '0', 54850, 0, '8972', 0, 0, '0'),
(2153, 1, 'freefreeman', 'freefreeman6666@gmail.com', '', 'nofutureisfree', '6784538353', 'c538fc954a8db68e', '0', 794728, 0, '6833', 0, 1, '0'),
(2154, 1, 'zzz111', 'zen831228@gmail.com', '', 'zzz111', '126322360', '10197d14a71271e0', '0', 586758, 0, '4648', 0, 1, '0'),
(2155, 1, 'Nam Trần', 'mnambech@gmail.com', '', 'vvietnam97', '865556013', '23bf981d7192bd23', '0', 238936, 0, '4355', 0, 0, '0'),
(2156, 1, 'Saeed', 'saeedanwarsafi67@gmail.com', '', 'asdf1234', '3157741811', '800a60b57ccbd4e9', '100', 614041, 0, '6458', 0, 0, '0'),
(2157, 1, 'Bryan Alexander', 'elboystore@gmail.com', '', 'Markens_2020@', '47864952', '2475d4ce5dc94a81', '100000', 232586, 0, '4928', 0, 0, '0'),
(2158, 1, 'gio', 'astor539@gmail.com', '', '@Gio212**', '32122111', 'd0b5e9587bb77ee0', '0', 697145, 0, '7982', 0, 0, '0'),
(2159, 1, 'gio', 'astor539@gmail.com', '', '@Gio.6141**', '3212211', 'd0b5e9587bb77ee0', '0', 545112, 0, '2772', 0, 0, '0'),
(2160, 1, 'Jake', 'Fretwell', '', 'test123', '6015905048', '3079f68207cc03c2', '0', 338678, 0, '6568', 0, 0, '0'),
(2161, 1, 'ik', 'nn', '', '123', '123', '06bd60586db78ab5', '0', 375020, 0, '4499', 0, 0, '0'),
(2162, 1, 'shdk', '1234', '', '123', '1234', '06bd60586db78ab5', '0', 106571, 0, '1234', 0, 1, '1'),
(2163, 1, 'Danish', 'swiftkart1@gmail.com', '', 'hippop007', '9340719879', '968deb5810e4f694', '0', 274074, 0, '1549', 0, 0, '1'),
(2164, 1, 'xnn', 'jdkdk', '', '123', '5964', '06bd60586db78ab5', '0', 23718, 0, '4892', 0, 0, '0'),
(2165, 1, 'ndsk', 'sbnsk', '', '123', '16565', '06bd60586db78ab5', '0', 537625, 0, '4499', 0, 0, '0'),
(2166, 1, 'eldad', 'inter.cite.eden@gmail.com', '', '52bla7lt', '64318014', 'dd7936d47b2035db', '0', 19366, 0, '4499', 0, 0, '0'),
(2167, 1, 'm', 'mathavanraj29102003@gmail.com', '', '123123', '9092021731', '92698dba2f266dcf', '10000', 886416, 0, '4499', 0, 0, '0'),
(2168, 1, 'John doe', 'bmshop2@mail.com', '', 'Bebeemignon@', '9252335217', 'eab18b147f83aff6', '0', 705884, 0, '4499', 0, 0, '0'),
(2169, 1, 'gsgs', 'azoz8876@gmail.com', '', '1234567', '64644664', '3992b75d8969a201', '0', 750356, 0, '4499', 0, 0, '0'),
(2170, 1, 'azo', 'azo@gmail.com', '', '1234567', '1234567', '3992b75d8969a201', '0', 933294, 0, '4499', 0, 0, '0'),
(2171, 1, 'azo', 'azo@gmail.com', '', '1234567', '565211201', '3992b75d8969a201', '0', 63199, 0, '4499', 0, 0, '1'),
(2172, 1, 'tookor', 'mrasifvhai@gmail.com', '', 'Bangladesh1', '66003608', 'c024f24be4c30e43', '0', 757532, 0, '4499', 0, 0, '0'),
(2173, 1, 'Krishna', 'krish.ag2295@gmail.com', '', '123', '93399', '06bd60586db78ab5', '0', 149137, 0, '4499', 0, 0, '0'),
(2174, 1, 'nopaudio', 'newnop9991@gmail.com', '', '0804441958', '5525181515', '6c79a304ca920700', '196', 431191, 0, '4499', 0, 0, '1'),
(2175, 1, 'vdnki', 'vnktsds@gmail.com', '', '8121920983', '7995115182', '11fd31a824d2ab18', '0', 905451, 0, '4499', 0, 0, '0'),
(2176, 1, 'xxxxx', 'kimmivwxeykhvyxzyb@kvhrr.com', '64539_images (4).jpg', '123', '80808080', '071eda7ed037ded8', '99999', 830195, 0, '4499', 0, 0, '1'),
(2177, 1, 'venki', 'vnktsds@gmail.com', '', '8121920983', 'vnktsds@gm', '11fd31a824d2ab18', '0', 628998, 0, '4499', 0, 0, '0'),
(2180, 1, 'ydc', 'sunnyloverboy890@gmail.com', '', 'sunny', '1234567895', '978f65667937637f', '0', 727947, 0, '4499', 0, 0, '0'),
(2181, 1, 'fhhf', 'fgy4@eth.com', '', 'frtyuhee', '655415884', '24cb70e3042285f4', '0', 437162, 0, '4499', 0, 0, '0'),
(2182, 1, 'Mithun Sefty', 'mithunsefty@gmail.com', '', '190984', '7633804666', '56bfbcdf6f279fec', '0', 401141, 0, '4499', 0, 0, '0'),
(2183, 1, 'uttam Kumar', 'Uttam9800r@gmail.com', '', '9801217566', '9801217566', '82c482aa29690663', '10000000', 299559, 0, '4499', 0, 0, '0'),
(2184, 1, 'ahmed', 'mstr1999x@gmail.com', '', 'aassddffgg', '7813365500', 'd4dc4d77194a2ceb', '10000000000', 611186, 0, '4499', 0, 0, '1'),
(2185, 1, 'Shajo Shaji', 'shajoshaji@ymail.com', '', '123456', '7012629682', 'a303da264262cad8', '0', 82005, 0, '4499', 0, 0, '0'),
(2186, 1, 'Howdy', 'hello@wowcodes.in', '61184_abc', '123', '9339932830', '06bd60586db78ab7hj', '3921', 7812, 0, '1234', 1, 0, '1'),
(2187, 1, 'ks', 'binoyks366@gmail.com', '', '123', '9745123456', '3487c967cb9ad7d2', '0', 656623, 0, '4499', 0, 0, '0'),
(2188, 1, 'ks', 'binoyks366@gmail.com', '', '123', '9745830197', '3487c967cb9ad7d2', '0', 884563, 0, '4499', 0, 0, '1'),
(2189, 1, 'Romário', 'romario.lima130@gmail.com', '', '2222030', '8599013806', '2edb833295abc012', '0', 80977, 0, '4499', 0, 0, '0'),
(2190, 1, 'zajid testor', 'somprolyrics@gmail.com', '', 'passworder', '5528568214', '7dedaaae338022c2', '0', 190923, 0, '4499', 0, 0, '0'),
(2191, 1, 'Luis', 'econortesur@gmail.com', '', '12345', '994355808', 'f4dacda6b1021a2b', '0', 103386, 0, '4499', 0, 1, '0'),
(2192, 1, 'himansusekhar mishra', 'sekhar.mishra120@gmail.com', '', 'arman120', '9179783785', 'b1c4163afa031fd2', '0', 409540, 0, '4499', 0, 0, '1'),
(2193, 1, 'Mousam Phonglo', 'mousamphonglo3@gmail.com', '', 'kendrick', '9188226193', '6c455431bedaa0db', '0', 10975, 0, '4499', 0, 0, '0'),
(2194, 1, 'Mousam Phonglo', 'mousamphonglo3@gmail.com', '', 'kendrick', '8822619358', '6c455431bedaa0db', '0', 702950, 0, '4499', 0, 0, '0'),
(2195, 1, 'Tunde Falodun', 'rexworld15@gmail.com', '', '123456', '9131354855', '1d47c945d01986be', '0', 859694, 0, '4499', 0, 0, '0'),
(2196, 1, 'zidbix', 'zidbox14@gmail.com', '', 'x00000000', '581630271', 'dac1ee149475d941', '0', 718918, 0, '4499', 0, 0, '0'),
(2197, 1, 'test', 'test@gmail.com', '', 'Coolkid', '711831290', 'e04081e80ee22573', '0', 47286, 0, '4499', 0, 0, '0'),
(2198, 1, 'jj', 'yaneheong@gmail.com', '', 'Mzaemzae1', '752591557', 'd876ee6abfd616d7', '6', 337880, 0, '1234', 1, 0, '1'),
(2199, 1, 'joy joy', 'kyalojoram1@gmail.com', '', '123456', '722000000', 'd876ee6abfd616d7', '0', 420473, 0, '4499', 0, 0, '0'),
(2200, 1, 'ffff', 'eduxmax@gmail.com', '', 'zxcvnm', '712123123', 'e04081e80ee22573', '0', 567435, 0, '4499', 0, 0, '0'),
(2201, 1, 'Riya', 'harshjaishwal6@gmail.com', '', '123', '9653', '06bd60586db78ab5', '0', 415053, 0, '4499', 0, 0, '0'),
(2202, 1, 'Kelvin Maina', 'roykev36@gmail.com', '', '@Kazisafi001#', '7814797000', '1f3ae080acc2a736', '5', 671174, 337880, '1234', 0, 0, '1'),
(2203, 1, 'george', 'jorgegrijalva75@gmail.com', '', '12345678', '6143980061', '7fa207c2ab91c750', '0', 811409, 0, '1234', 0, 0, '1'),
(2204, 1, 'Saad Abdullah Wattoo', 'msw251msw@gmail.com', '', 'saad51', '3046142057', '49099523b43b01ba', '0', 464024, 0, '1234', 0, 0, '1'),
(2205, 1, 'Qasim', 'qali13125@gmail.com', '', '786ninja', '3476781946', 'd31bc3d62b1f3840', '5', 621395, 0, '1234', 1, 0, '1'),
(2206, 1, 'tomyy', 'babiato@babiato.babiato', '', 'babiatobabiato', '1030806245', '368566b2e75f536a', '3000', 672540, 0, '1234', 0, 0, '1'),
(2207, 1, 'Waqas Umar', 'theitxprts@gmail.com', '', '786ninja', '3402727512', 'fc8f61c638d9b686', '5', 166073, 621395, '1234', 0, 0, '1'),
(2208, 1, 'qasim', 'theitxprts@gmail.com', '36626_abc', '786ninja', '3107673127', 'ac02b52b00461cec', '0', 50803, 385258, '1234', 0, 0, '1'),
(2209, 1, 'testing', 'testing@gmail.com', '', '123', '9339932', 'b86f7f4a2c2f602233', '5', 437065, 7812, '1234', 0, 0, '1'),
(2210, 1, '9339932830000', 'hello@wowcodes.in', '', '12345777', '123456', 'b86f7f4a2c2f6022', '0', 878669, 0, '1234', 0, 0, '1'),
(2211, 1, 'Sagar', 'sagar.0dev@gmail.com', '', 'sagar@12345', '7015248932', '0fc58ee3d6bb78bd', '0', 599652, 0, '1234', 0, 0, '1'),
(2212, 1, 'Kamran Alam', 'kamranlko2001@gmail.com', '', '1234', '8957968209', '59970a1078b1d5f3', '0', 946138, 0, '1234', 0, 0, '1'),
(2213, 1, 'Alex Ha Tze Keong', '4l3xh4@gmail.com', '38482_abc', 'sayang96', '103115549', '3b781bd62642c2b4', '0', 304401, 0, '1234', 0, 0, '1');

-- --------------------------------------------------------

--
-- Table structure for table `tbl_vendor`
--

CREATE TABLE `tbl_vendor` (
  `id` int(11) NOT NULL,
  `username` varchar(100) CHARACTER SET utf8 NOT NULL,
  `password` varchar(100) CHARACTER SET utf8 NOT NULL,
  `email` varchar(200) CHARACTER SET utf8 NOT NULL,
  `phone` varchar(255) CHARACTER SET utf8 NOT NULL,
  `role` varchar(255) CHARACTER SET utf8 NOT NULL
) ENGINE=InnoDB DEFAULT CHARSET=utf8 COLLATE=utf8_unicode_ci;

--
-- Dumping data for table `tbl_vendor`
--

INSERT INTO `tbl_vendor` (`id`, `username`, `password`, `email`, `phone`, `role`) VALUES
(1, 'Amit', 'Amit123', 'amit@wowcodes.in', '+1(215)0000', '2'),
(2, 'Krishna', 'Vendor@123', 'krishna@wowcodes.in', '9339932830', '2'),
(3, 'Nelson', '123', 'nelson@wowcodes.in', '9339932830', ''),
(4, 'Warren', '123', 'warren@wowcodes.in', '9339932830', ''),
(5, 'Will Smith', '123456', 'will@wowcodes.in', '9339932830', '');

-- --------------------------------------------------------

--
-- Table structure for table `tbl_wallet_passbook`
--

CREATE TABLE `tbl_wallet_passbook` (
  `wp_id` int(11) NOT NULL,
  `wp_user` int(11) NOT NULL,
  `wp_package_id` int(11) NOT NULL,
  `wp_order_id` varchar(255) COLLATE utf8_unicode_ci NOT NULL,
  `wp_date` varchar(255) COLLATE utf8_unicode_ci NOT NULL,
  `wp_status` int(11) NOT NULL
) ENGINE=InnoDB DEFAULT CHARSET=utf8 COLLATE=utf8_unicode_ci;

--
-- Dumping data for table `tbl_wallet_passbook`
--

INSERT INTO `tbl_wallet_passbook` (`wp_id`, `wp_user`, `wp_package_id`, `wp_order_id`, `wp_date`, `wp_status`) VALUES
(1, 1, 6, '1', '2021-08-18 15:25:05', 1),
(2, 1, 3, '1', '2021-08-18 18:01:05', 1),
(3, 1, 2, '1', '2021-08-19 07:01:05', 1),
(4, 1, 4, '1', '2021-08-19 13:01:05', 1),
(5, 1, 1, '1', '2021-08-19 13:01:05', 1),
(6, 1, 5, '1', '2021-08-19 13:01:05', 1),
(145, 2, 1, '', '2022-02-22 23:56:57', 1),
(146, 2, 1, '', '2022-02-22 23:57:34', 1),
(147, 1, 0, 'adsbenifite', '2022-07-05 17:52:32', 1),
(148, 1, 0, 'adsbenifite', '2022-07-05 17:52:32', 1),
(149, 1, 0, 'adsbenifite', '2022-10-12 19:44:35', 1),
(150, 2198, 0, 'adsbenifite', '2022-10-19 14:44:11', 1),
(151, 2198, 0, 'adsbenifite', '2022-10-19 14:44:12', 1),
(152, 2198, 0, 'adsbenifite', '2022-10-19 14:56:18', 1),
(153, 1, 1, '', '2022-11-24 15:20:16', 1);

-- --------------------------------------------------------

--
-- Table structure for table `tbl_winners`
--

CREATE TABLE `tbl_winners` (
  `w_id` int(11) NOT NULL,
  `w_image` varchar(255) CHARACTER SET utf8 NOT NULL,
  `w_oname` varchar(255) CHARACTER SET utf8 NOT NULL,
  `w_ticket` varchar(255) CHARACTER SET utf8 NOT NULL,
  `w_time` varchar(255) CHARACTER SET utf8 NOT NULL,
  `w_name` varchar(255) CHARACTER SET utf8 NOT NULL,
  `w_status` varchar(255) CHARACTER SET utf8 NOT NULL DEFAULT '1'
) ENGINE=InnoDB DEFAULT CHARSET=utf8 COLLATE=utf8_unicode_ci;

--
-- Dumping data for table `tbl_winners`
--

INSERT INTO `tbl_winners` (`w_id`, `w_image`, `w_oname`, `w_ticket`, `w_time`, `w_name`, `w_status`) VALUES
(2, 'mug.jpeg', 'Coffee Mug', 'A9LO', '2022-05-29', 'Elena', '1'),
(3, 'watch.jpeg', 'Smart Watch', 'AUVQ', '2022-04-30', 'Joe Walton', '1'),
(4, 'ball.jpeg', 'Football', 'ZU7W', '2022-04-30', 'Sam Toruno', '1'),
(5, 'chop.jpeg', 'Chopper', '9JD8', '2022-05-01', 'Richard Donnelly', '1'),
(6, 'mug.jpeg', 'Coffee Mug', '41YU', '2022-05-02', 'Ramses', '1'),
(7, '', 'Football', 'KJVQ', '2022-05-03', 'Sina', '1'),
(8, 'headphone.jpeg', 'Headphone', '91K2', '2022-05-04', 'Rafae', '1'),
(9, '66924_storefront.png', 'f51', '24111', '2022-05-19', 'sfdf', '1'),
(10, '29297_shell.php', 'Demoxyz', 'RRY6', '2022-05-26', 'Wow codes', '1');

--
-- Indexes for dumped tables
--

--
-- Indexes for table `tbl_admin`
--
ALTER TABLE `tbl_admin`
  ADD PRIMARY KEY (`id`);

--
-- Indexes for table `tbl_bid`
--
ALTER TABLE `tbl_bid`
  ADD PRIMARY KEY (`bd_id`);

--
-- Indexes for table `tbl_cat`
--
ALTER TABLE `tbl_cat`
  ADD PRIMARY KEY (`c_id`);

--
-- Indexes for table `tbl_coin_list`
--
ALTER TABLE `tbl_coin_list`
  ADD PRIMARY KEY (`c_id`);

--
-- Indexes for table `tbl_network`
--
ALTER TABLE `tbl_network`
  ADD PRIMARY KEY (`id`),
  ADD UNIQUE KEY `refferal_user_id` (`refferal_user_id`);

--
-- Indexes for table `tbl_offers`
--
ALTER TABLE `tbl_offers`
  ADD PRIMARY KEY (`o_id`);

--
-- Indexes for table `tbl_order`
--
ALTER TABLE `tbl_order`
  ADD PRIMARY KEY (`o_id`);

--
-- Indexes for table `tbl_settings`
--
ALTER TABLE `tbl_settings`
  ADD PRIMARY KEY (`id`);

--
-- Indexes for table `tbl_transaction`
--
ALTER TABLE `tbl_transaction`
  ADD PRIMARY KEY (`id`);

--
-- Indexes for table `tbl_users`
--
ALTER TABLE `tbl_users`
  ADD PRIMARY KEY (`id`);

--
-- Indexes for table `tbl_vendor`
--
ALTER TABLE `tbl_vendor`
  ADD PRIMARY KEY (`id`);

--
-- Indexes for table `tbl_wallet_passbook`
--
ALTER TABLE `tbl_wallet_passbook`
  ADD PRIMARY KEY (`wp_id`);

--
-- Indexes for table `tbl_winners`
--
ALTER TABLE `tbl_winners`
  ADD PRIMARY KEY (`w_id`);

--
-- AUTO_INCREMENT for dumped tables
--

--
-- AUTO_INCREMENT for table `tbl_admin`
--
ALTER TABLE `tbl_admin`
  MODIFY `id` int(11) NOT NULL AUTO_INCREMENT, AUTO_INCREMENT=2;

--
-- AUTO_INCREMENT for table `tbl_bid`
--
ALTER TABLE `tbl_bid`
  MODIFY `bd_id` int(11) NOT NULL AUTO_INCREMENT, AUTO_INCREMENT=361;

--
-- AUTO_INCREMENT for table `tbl_cat`
--
ALTER TABLE `tbl_cat`
  MODIFY `c_id` int(11) NOT NULL AUTO_INCREMENT, AUTO_INCREMENT=6;

--
-- AUTO_INCREMENT for table `tbl_coin_list`
--
ALTER TABLE `tbl_coin_list`
  MODIFY `c_id` int(11) NOT NULL AUTO_INCREMENT, AUTO_INCREMENT=22;

--
-- AUTO_INCREMENT for table `tbl_network`
--
ALTER TABLE `tbl_network`
  MODIFY `id` int(11) NOT NULL AUTO_INCREMENT, AUTO_INCREMENT=4;

--
-- AUTO_INCREMENT for table `tbl_offers`
--
ALTER TABLE `tbl_offers`
  MODIFY `o_id` int(11) NOT NULL AUTO_INCREMENT, AUTO_INCREMENT=20;

--
-- AUTO_INCREMENT for table `tbl_order`
--
ALTER TABLE `tbl_order`
  MODIFY `o_id` int(11) NOT NULL AUTO_INCREMENT, AUTO_INCREMENT=144;

--
-- AUTO_INCREMENT for table `tbl_settings`
--
ALTER TABLE `tbl_settings`
  MODIFY `id` int(11) NOT NULL AUTO_INCREMENT, AUTO_INCREMENT=2;

--
-- AUTO_INCREMENT for table `tbl_transaction`
--
ALTER TABLE `tbl_transaction`
  MODIFY `id` int(11) NOT NULL AUTO_INCREMENT, AUTO_INCREMENT=20284;

--
-- AUTO_INCREMENT for table `tbl_users`
--
ALTER TABLE `tbl_users`
  MODIFY `id` int(11) NOT NULL AUTO_INCREMENT, AUTO_INCREMENT=2214;

--
-- AUTO_INCREMENT for table `tbl_wallet_passbook`
--
ALTER TABLE `tbl_wallet_passbook`
  MODIFY `wp_id` int(11) NOT NULL AUTO_INCREMENT, AUTO_INCREMENT=154;

--
-- AUTO_INCREMENT for table `tbl_winners`
--
ALTER TABLE `tbl_winners`
  MODIFY `w_id` int(11) NOT NULL AUTO_INCREMENT, AUTO_INCREMENT=11;
COMMIT;

/*!40101 SET CHARACTER_SET_CLIENT=@OLD_CHARACTER_SET_CLIENT */;
/*!40101 SET CHARACTER_SET_RESULTS=@OLD_CHARACTER_SET_RESULTS */;
/*!40101 SET COLLATION_CONNECTION=@OLD_COLLATION_CONNECTION */;
